{"E77": {"P1": {"amplitude": 0.029332950256154535, "amplitude_std": 0.0177498714735816, "latency": 0.11738077981564811, "latency_std": 0.007545927789928568, "sigma": 0.01889153278646723, "sigma_std": 0.007272531663221758}, "N1": {"amplitude": -0.025250576969949888, "amplitude_std": 0.05149518779365516, "latency": 0.1582973102696285, "latency_std": 0.021173690524738605, "sigma": 0.0018749238565140933, "sigma_std": 0.007798500647231108}, "P2": {"amplitude": 0.050050022619385154, "amplitude_std": 0.0762206355567918, "latency": 0.24949341808399392, "latency_std": 0.024136157801551986, "sigma": 0.01626680234584767, "sigma_std": 0.013652545240419828}, "N2": {"amplitude": -0.032505285326401456, "amplitude_std": 0.0646560917783464, "latency": 0.25000000000000006, "latency_std": 0.03466718504141947, "sigma": 0.013545354858646209, "sigma_std": 0.017959440193145073}, "P3": {"amplitude": 0.001300563275271566, "amplitude_std": 0.055996846387528484, "latency": 0.3934211025371481, "latency_std": 0.03790204160245247, "sigma": 0.0016680058743796784, "sigma_std": 0.014391494402245223}}}