{"E77": {"P1": {"amplitude": 0.07534625151873416, "latency": 0.1265238022456242, "sigma": 0.01999152540150659}, "N1": {"amplitude": -0.11416201648174829, "latency": 0.17845233773509764, "sigma": 0.019999999999999997}, "P2": {"amplitude": 0.05253798032471778, "latency": 0.2386419978195129, "sigma": 0.02295799399547506}, "N2": {"amplitude": -0.19999561182326284, "latency": 0.37151901512854724, "sigma": 0.04601122708274172}, "P3": {"amplitude": 0.143419542442761, "latency": 0.3739837898105086, "sigma": 0.040207600192010466}}}