{"P1": {"amplitude": 0.04324278052060961, "latency": 0.11649123535563606, "sigma": 0.021665181345315067, "offset": -0.016216651167091662}}