{"E77": {"P1": {"amplitude": 0.029357360749116154, "amplitude_std": 0.019336352736517848, "latency": 0.1174323730999609, "latency_std": 0.00972549586974364, "sigma": 0.01891638156964027, "sigma_std": 0.007091999977187351}, "N1": {"amplitude": -0.024292461451139023, "amplitude_std": 0.07281436918697858, "latency": 0.18267434866139864, "latency_std": 0.036051676060175925, "sigma": 0.019999999999999997, "sigma_std": 0.009496213250526226}, "P2": {"amplitude": 0.020178198903854878, "amplitude_std": 0.0367786144693122, "latency": 0.2521695980735884, "latency_std": 0.023985273580736915, "sigma": 0.025092472742975866, "sigma_std": 0.012430384422876804}, "N2": {"amplitude": -0.19999999999999993, "amplitude_std": 0.07891253556027841, "latency": 0.3573453291171634, "latency_std": 0.034168380860788244, "sigma": 0.049999999999999996, "sigma_std": 0.006693770290319709}, "P3": {"amplitude": 0.16573187330791692, "amplitude_std": 0.06760892157032795, "latency": 0.3572662089438491, "latency_std": 0.04245808986144229, "sigma": 0.044544816994653895, "sigma_std": 0.008155157279569194}}}