{"P1": {"amplitude": 0.014812165197123138, "latency": 1.3089154715206e-35, "sigma": 0.11325579884967081}, "N1": {"amplitude": -4.242283731811516, "latency": 0.18200250910473972, "sigma": 0.02876584468101157}, "P2": {"amplitude": 4.398231717494013, "latency": 0.18190683540782274, "sigma": 0.02908539230387734}, "N2": {"amplitude": -0.12561954691802857, "latency": 0.17798016235830882, "sigma": 0.051854022165653074}, "P3": {"amplitude": 0.027027280241957427, "latency": 0.33048780684802354, "sigma": 0.042635920360551714}}